game_id,created_by,home_team_id,away_team_id,home_score,away_score
0,,0,6,4,2
1,,0,6,3,6
2,,0,6,5,4
3,,0,6,9,0
44,,0,6,3,17
45,,0,6,10,4
46,,0,6,3,4
65,,0,6,13,2
66,,0,6,6,5
67,,0,6,4,3
155,,1,6,5,4
156,,1,6,3,1
157,,1,6,6,2
158,,1,6,6,1
175,,2,6,11,1
176,,2,6,2,1
177,,2,6,3,5
300,,3,6,3,6
301,,3,6,7,11
302,,3,6,4,3
303,,3,6,1,5
371,,4,6,9,7
372,,4,6,10,5
373,,4,6,7,8
374,,4,6,2,1
475,,5,6,10,12
476,,5,6,1,2
477,,5,6,1,2
591,,7,6,5,3
592,,7,6,1,6
593,,7,6,6,5
664,,8,6,2,7
665,,8,6,4,6
666,,8,6,6,4
766,,9,6,1,3
767,,9,6,6,1
768,,9,6,6,15
769,,9,6,0,7
835,,10,6,1,3
836,,10,6,13,2
837,,10,6,2,1
850,,10,6,5,2
851,,10,6,9,11
852,,10,6,8,4
858,,10,6,9,0
859,,10,6,7,2
860,,10,6,2,0
891,,11,6,6,7
892,,11,6,1,4
893,,11,6,1,4
910,,11,6,5,3
911,,11,6,11,1
912,,11,6,3,5
935,,11,6,4,6
936,,11,6,2,8
937,,11,6,10,1
1046,,12,6,7,6
1047,,12,6,1,2
1048,,12,6,1,5
1059,,13,6,0,1
1060,,13,6,1,3
1061,,13,6,4,3
1062,,13,6,1,2
1082,,13,6,5,8
1083,,13,6,3,10
1084,,13,6,5,6
1117,,13,6,6,5
1118,,13,6,0,4
1144,,14,6,5,1
1145,,14,6,4,3
1146,,14,6,5,3
1219,,15,6,2,1
1220,,15,6,2,5
1359,,16,6,0,10
1360,,16,6,4,3
1361,,16,6,2,1
1897,,23,6,0,2
1898,,23,6,1,8
2366,,29,6,5,1
2367,,29,6,10,0
2368,,29,6,5,3
4,,0,21,1,5
5,,0,21,1,3
510,,6,21,15,6
511,,6,21,0,8
512,,6,21,1,5
869,,10,21,2,1
870,,10,21,3,4
871,,10,21,10,4
994,,12,21,7,3
995,,12,21,4,3
1230,,15,21,3,4
1231,,15,21,2,3
1232,,15,21,2,4
1303,,16,21,7,6
1304,,16,21,5,6
1305,,16,21,4,1
1321,,16,21,7,1
1322,,16,21,1,2
1323,,16,21,5,2
1365,,16,21,10,0
1366,,16,21,5,0
1367,,16,21,6,3
1429,,17,21,4,8
1430,,17,21,6,3
1431,,17,21,1,9
1507,,18,21,5,4
1508,,18,21,7,6
1509,,18,21,9,7
1510,,18,21,4,9
1564,,19,21,4,1
1565,,19,21,7,4
1566,,19,21,6,1
1675,,20,21,5,3
1676,,20,21,3,4
1677,,20,21,1,2
1856,,22,21,3,2
1857,,22,21,1,3
1858,,22,21,4,3
1859,,22,21,3,8
1893,,23,21,3,2
1894,,23,21,3,2
1895,,23,21,3,4
1896,,23,21,2,11
1902,,23,21,6,3
1903,,23,21,3,2
1904,,23,21,4,12
1905,,23,21,2,3
1939,,23,21,1,2
1940,,23,21,6,1
1977,,24,21,1,7
1978,,24,21,1,4
1979,,24,21,5,4
1999,,24,21,5,2
2000,,24,21,1,5
2001,,24,21,3,6
2013,,24,21,5,2
2014,,24,21,2,3
2015,,24,21,4,3
2068,,25,21,3,4
2069,,25,21,2,5
2070,,25,21,4,1
2116,,26,21,6,7
2117,,26,21,4,2
2118,,26,21,3,1
2119,,26,21,3,6
2187,,27,21,1,3
2188,,27,21,5,1
2189,,27,21,13,3
2305,,28,21,13,9
2306,,28,21,5,6
2307,,28,21,4,3
2360,,29,21,2,8
2361,,29,21,3,2
2362,,29,21,1,7
2390,,29,21,4,3
2391,,29,21,3,2
2392,,29,21,2,5
2393,,29,21,0,3
2420,,29,21,1,8
2421,,29,21,5,4
2422,,29,21,1,5
6,,0,1,3,1
7,,0,1,0,3
8,,0,1,7,6
182,,2,1,3,4
183,,2,1,5,0
184,,2,1,6,2
185,,2,1,3,4
186,,2,1,2,3
217,,2,1,9,2
236,,2,1,5,2
237,,2,1,0,4
238,,2,1,2,4
239,,2,1,8,2
276,,3,1,7,1
277,,3,1,2,3
278,,3,1,8,3
279,,3,1,2,3
381,,4,1,4,1
382,,4,1,3,6
383,,4,1,3,2
424,,5,1,10,5
425,,5,1,5,1
426,,5,1,0,6
547,,6,1,3,0
548,,6,1,2,3
549,,6,1,5,3
597,,7,1,3,1
598,,7,1,5,4
599,,7,1,0,2
600,,7,1,4,3
689,,8,1,1,8
690,,8,1,3,7
691,,8,1,4,11
740,,9,1,13,12
741,,9,1,4,8
742,,9,1,5,0
751,,9,1,7,3
752,,9,1,7,5
753,,9,1,8,1
808,,9,1,5,6
809,,9,1,6,8
810,,9,1,7,0
811,,10,1,5,11
812,,10,1,0,1
813,,10,1,4,7
814,,10,1,0,8
924,,11,1,2,0
925,,11,1,5,0
926,,11,1,3,4
972,,12,1,7,1
973,,12,1,3,2
974,,12,1,5,7
1018,,12,1,8,2
1019,,12,1,5,6
1020,,12,1,2,8
1026,,12,1,4,5
1027,,12,1,5,14
1028,,12,1,10,4
1100,,13,1,2,9
1101,,13,1,7,2
1102,,13,1,7,6
1162,,14,1,3,5
1163,,14,1,3,5
1164,,14,1,4,13
1165,,14,1,1,6
1192,,14,1,2,8
1193,,14,1,2,3
1194,,14,1,7,6
1206,,14,1,3,8
1207,,14,1,11,0
1208,,14,1,5,2
1421,,17,1,1,9
1422,,17,1,6,3
1511,,18,1,3,2
1512,,18,1,4,5
1513,,18,1,8,2
2280,,28,1,6,13
2281,,28,1,4,1
2282,,28,1,1,6
2418,,29,1,9,2
2419,,29,1,5,3
9,,0,4,3,5
10,,0,4,9,5
11,,0,4,6,5
12,,0,4,3,7
107,,1,4,3,2
108,,1,4,1,4
109,,1,4,1,2
208,,2,4,21,0
209,,2,4,0,5
210,,2,4,3,5
211,,2,4,3,2
256,,3,4,4,8
257,,3,4,1,5
287,,3,4,10,4
288,,3,4,5,1
289,,3,4,8,6
290,,3,4,11,1
315,,3,4,3,1
316,,3,4,2,1
317,,3,4,10,1
427,,5,4,8,5
428,,5,4,11,3
429,,5,4,6,1
448,,5,4,5,4
449,,5,4,6,4
450,,5,4,3,11
451,,5,4,5,3
461,,5,4,5,3
462,,5,4,2,4
463,,5,4,2,8
504,,6,4,3,7
505,,6,4,7,8
506,,6,4,5,4
568,,7,4,5,1
569,,7,4,4,7
570,,7,4,6,10
571,,7,4,3,5
607,,7,4,8,4
608,,7,4,2,4
609,,7,4,5,2
637,,7,4,2,0
638,,7,4,7,6
639,,7,4,5,7
667,,8,4,5,1
668,,8,4,8,6
669,,8,4,4,3
683,,8,4,13,7
684,,8,4,2,3
685,,8,4,5,6
718,,8,4,7,3
719,,8,4,7,5
720,,8,4,1,5
737,,9,4,0,6
738,,9,4,4,3
739,,9,4,1,14
818,,10,4,2,3
819,,10,4,3,5
820,,10,4,7,0
950,,11,4,1,4
951,,11,4,2,10
952,,11,4,7,2
953,,11,4,1,0
1021,,12,4,5,4
1022,,12,4,7,0
1023,,12,4,4,3
1127,,13,4,7,6
1128,,13,4,2,1
1129,,13,4,5,3
1189,,14,4,4,7
1190,,14,4,5,3
1191,,14,4,5,2
1458,,18,4,0,6
1459,,18,4,5,3
1571,,19,4,6,4
1572,,19,4,5,4
1573,,19,4,5,4
1649,,20,4,4,2
1650,,20,4,2,3
1651,,20,4,1,5
2167,,26,4,5,1
2168,,26,4,2,7
13,,0,29,6,13
14,,0,29,5,4
15,,0,29,1,2
114,,1,29,5,2
115,,1,29,3,10
948,,11,29,1,3
949,,11,29,2,1
1087,,13,29,3,8
1088,,13,29,3,5
1089,,13,29,6,3
1263,,15,29,5,4
1264,,15,29,1,3
1265,,15,29,0,1
1300,,16,29,5,3
1301,,16,29,2,3
1302,,16,29,13,0
1341,,16,29,1,3
1342,,16,29,13,2
1343,,16,29,1,2
1371,,16,29,6,5
1372,,16,29,3,2
1373,,16,29,3,8
1432,,17,29,4,2
1433,,17,29,8,11
1434,,17,29,5,8
1479,,18,29,4,2
1480,,18,29,0,2
1481,,18,29,3,0
1482,,18,29,4,2
1552,,19,29,1,2
1553,,19,29,3,5
1554,,19,29,6,8
1667,,20,29,9,3
1668,,20,29,2,4
1669,,20,29,8,6
1717,,21,29,4,1
1718,,21,29,5,3
1719,,21,29,2,7
1727,,21,29,4,2
1728,,21,29,4,1
1729,,21,29,5,7
1776,,21,29,6,2
1777,,21,29,8,7
1778,,21,29,7,4
1799,,22,29,3,4
1800,,22,29,0,2
1801,,22,29,4,3
1887,,23,29,6,5
1888,,23,29,2,6
1889,,23,29,5,1
1929,,23,29,4,7
1930,,23,29,7,9
1931,,23,29,5,1
1941,,23,29,2,1
1942,,23,29,4,5
1943,,23,29,5,1
1986,,24,29,2,12
1987,,24,29,2,1
1988,,24,29,5,1
1995,,24,29,5,3
1996,,24,29,2,0
1997,,24,29,1,9
1998,,24,29,0,5
2016,,24,29,9,3
2017,,24,29,10,7
2018,,24,29,6,3
2027,,25,29,9,10
2028,,25,29,3,0
2029,,25,29,8,4
2030,,25,29,1,7
2163,,26,29,0,2
2164,,26,29,4,3
2165,,26,29,1,3
2166,,26,29,4,1
2195,,27,29,5,2
2196,,27,29,7,10
2197,,27,29,5,2
2335,,28,29,3,4
2336,,28,29,10,9
2337,,28,29,5,2
2338,,28,29,6,1
16,,0,12,6,5
17,,0,12,2,1
18,,0,12,10,8
101,,1,12,1,10
102,,1,12,10,3
103,,1,12,2,7
111,,1,12,6,9
112,,1,12,4,1
113,,1,12,9,6
126,,1,12,2,7
127,,1,12,5,7
128,,1,12,4,6
129,,1,12,9,1
198,,2,12,1,7
199,,2,12,3,5
200,,2,12,3,4
224,,2,12,3,4
225,,2,12,4,1
226,,2,12,0,1
240,,2,12,2,5
241,,2,12,3,0
242,,2,12,6,2
246,,3,12,6,9
247,,3,12,10,3
248,,3,12,8,12
396,,4,12,0,8
397,,4,12,13,7
398,,4,12,3,7
457,,5,12,8,3
458,,5,12,2,4
459,,5,12,0,9
460,,5,12,3,11
562,,6,12,1,3
563,,6,12,7,6
564,,6,12,0,2
614,,7,12,9,5
615,,7,12,3,7
616,,7,12,4,7
680,,8,12,8,2
681,,8,12,2,4
682,,8,12,8,3
763,,9,12,8,3
764,,9,12,5,14
765,,9,12,5,8
786,,9,12,7,2
787,,9,12,2,1
788,,9,12,5,4
799,,9,12,1,5
800,,9,12,4,6
801,,9,12,9,7
821,,10,12,3,5
822,,10,12,5,6
823,,10,12,9,3
900,,11,12,18,4
901,,11,12,0,2
902,,11,12,4,5
903,,11,12,1,4
1075,,13,12,0,3
1076,,13,12,6,5
1077,,13,12,3,2
1078,,13,12,11,7
1172,,14,12,2,4
1173,,14,12,4,3
1174,,14,12,6,5
1175,,14,12,2,4
1176,,14,12,4,1
1201,,14,12,6,2
1202,,14,12,7,1
1203,,14,12,1,0
1204,,14,12,5,2
1205,,14,12,2,1
1380,,17,12,13,2
1381,,17,12,7,5
1382,,17,12,2,6
1501,,18,12,6,2
1502,,18,12,8,2
1503,,18,12,5,3
1763,,21,12,6,1
1764,,21,12,3,2
1831,,22,12,7,6
1832,,22,12,10,1
19,,0,10,2,5
20,,0,10,2,1
21,,0,10,9,0
53,,0,10,2,0
54,,0,10,3,1
55,,0,10,7,10
75,,0,10,3,2
76,,0,10,1,3
77,,0,10,3,7
142,,1,10,4,2
143,,1,10,4,1
144,,1,10,7,4
189,,2,10,0,1
190,,2,10,6,4
191,,2,10,6,8
291,,3,10,3,0
292,,3,10,3,7
293,,3,10,4,14
346,,4,10,3,0
347,,4,10,4,6
348,,4,10,2,7
349,,4,10,4,0
419,,5,10,4,3
420,,5,10,2,1
421,,5,10,2,4
422,,5,10,2,1
423,,5,10,4,3
526,,6,10,1,3
527,,6,10,2,3
528,,6,10,7,4
541,,6,10,4,5
542,,6,10,0,3
543,,6,10,2,1
556,,6,10,5,1
557,,6,10,6,2
558,,6,10,4,14
559,,6,10,6,1
601,,7,10,2,8
602,,7,10,4,3
603,,7,10,4,18
661,,8,10,4,3
662,,8,10,2,3
663,,8,10,1,4
770,,9,10,10,0
771,,9,10,6,8
772,,9,10,3,6
907,,11,10,5,9
908,,11,10,5,9
909,,11,10,2,3
927,,11,10,5,6
928,,11,10,7,4
929,,11,10,5,19
930,,11,10,5,7
965,,11,10,1,5
966,,11,10,8,1
967,,11,10,3,12
975,,12,10,1,2
976,,12,10,6,7
977,,12,10,2,11
978,,12,10,14,7
1093,,13,10,4,0
1094,,13,10,9,0
1095,,13,10,3,2
1110,,13,10,4,11
1111,,13,10,3,2
1112,,13,10,0,6
1113,,13,10,3,8
1122,,13,10,1,4
1123,,13,10,2,3
1137,,14,10,5,3
1138,,14,10,2,1
1139,,14,10,8,6
1324,,16,10,4,1
1325,,16,10,7,6
1944,,24,10,3,2
1945,,24,10,4,2
1946,,24,10,0,4
2193,,27,10,5,3
2194,,27,10,4,5
2415,,29,10,6,1
2416,,29,10,12,9
2417,,29,10,2,4
22,,0,13,3,2
23,,0,13,4,2
49,,0,13,2,11
50,,0,13,5,4
51,,0,13,2,4
52,,0,13,6,2
78,,0,13,6,9
79,,0,13,6,2
80,,0,13,2,1
116,,1,13,1,2
117,,1,13,2,3
118,,1,13,6,4
227,,2,13,2,10
228,,2,13,3,12
229,,2,13,7,6
230,,2,13,2,6
270,,3,13,5,2
271,,3,13,3,2
272,,3,13,3,4
343,,4,13,4,5
344,,4,13,6,3
345,,4,13,5,4
441,,5,13,2,4
442,,5,13,12,0
443,,5,13,4,1
444,,5,13,6,0
500,,6,13,1,9
501,,6,13,1,5
502,,6,13,3,11
503,,6,13,2,3
538,,6,13,0,3
539,,6,13,4,5
540,,6,13,4,13
550,,6,13,5,3
551,,6,13,4,5
552,,6,13,7,6
604,,7,13,1,10
605,,7,13,4,1
606,,7,13,7,6
708,,8,13,4,2
709,,8,13,6,2
710,,8,13,6,7
711,,8,13,1,3
743,,9,13,6,5
744,,9,13,5,2
745,,9,13,9,2
815,,10,13,3,2
816,,10,13,14,8
817,,10,13,12,2
831,,10,13,13,2
832,,10,13,0,7
833,,10,13,2,1
834,,10,13,0,10
855,,10,13,2,1
856,,10,13,4,2
857,,10,13,7,5
894,,11,13,6,8
895,,11,13,6,3
896,,11,13,0,6
938,,11,13,0,13
939,,11,13,4,3
940,,11,13,0,5
962,,11,13,6,5
963,,11,13,0,7
964,,11,13,13,3
1043,,12,13,2,6
1044,,12,13,0,4
1045,,12,13,1,0
1134,,14,13,3,1
1135,,14,13,14,4
1136,,14,13,8,7
1605,,19,13,1,0
1606,,19,13,6,3
1745,,21,13,9,0
1768,,21,13,0,5
1769,,21,13,13,0
1899,,23,13,9,7
1900,,23,13,0,1
1901,,23,13,0,5
1957,,24,13,0,3
1958,,24,13,0,7
24,,0,14,1,2
25,,0,14,6,2
26,,0,14,0,5
27,,0,14,2,0
133,,1,14,5,3
134,,1,14,2,1
145,,1,14,6,1
146,,1,14,4,1
147,,1,14,3,8
148,,1,14,8,3
159,,1,14,1,0
160,,1,14,2,1
161,,1,14,2,4
166,,2,14,2,8
167,,2,14,6,9
168,,2,14,5,1
205,,2,14,3,4
206,,2,14,5,2
207,,2,14,7,9
221,,2,14,3,2
222,,2,14,2,6
223,,2,14,4,5
273,,3,14,1,7
274,,3,14,5,1
275,,3,14,5,7
332,,4,14,4,5
333,,4,14,2,5
334,,4,14,1,0
335,,4,14,1,2
435,,5,14,4,9
436,,5,14,4,5
437,,5,14,1,11
490,,6,14,3,8
491,,6,14,9,3
492,,6,14,5,4
594,,7,14,2,1
595,,7,14,2,9
596,,7,14,7,5
701,,8,14,10,11
702,,8,14,12,2
703,,8,14,5,4
704,,8,14,2,1
733,,9,14,9,1
734,,9,14,1,3
735,,9,14,3,0
736,,9,14,6,5
746,,9,14,7,1
747,,9,14,4,0
789,,9,14,6,0
790,,9,14,3,0
791,,9,14,0,8
792,,9,14,2,3
847,,10,14,7,4
848,,10,14,3,8
849,,10,14,2,4
931,,11,14,4,1
932,,11,14,2,10
933,,11,14,3,1
934,,11,14,2,3
988,,12,14,3,5
989,,12,14,2,6
990,,12,14,4,3
1024,,12,14,4,8
1025,,12,14,7,4
1049,,12,14,1,4
1050,,12,14,3,5
1051,,12,14,4,9
1052,,12,14,1,0
1119,,13,14,8,3
1120,,13,14,4,8
1121,,13,14,0,2
1813,,22,14,2,1
1814,,22,14,5,3
1815,,22,14,4,0
2019,,24,14,3,2
2020,,24,14,8,2
2087,,25,14,7,6
2088,,25,14,7,5
2089,,25,14,3,4
2286,,28,14,1,4
2287,,28,14,13,12
28,,0,2,2,5
29,,0,2,1,0
30,,0,2,3,4
31,,0,2,4,2
87,,1,2,2,5
88,,1,2,9,3
89,,1,2,4,3
136,,1,2,8,1
137,,1,2,3,9
138,,1,2,1,8
149,,1,2,5,1
150,,1,2,5,6
151,,1,2,6,5
262,,3,2,7,3
263,,3,2,1,3
264,,3,2,0,1
350,,4,2,4,0
351,,4,2,7,1
352,,4,2,7,10
408,,5,2,7,3
409,,5,2,3,2
410,,5,2,1,6
535,,6,2,0,3
536,,6,2,3,1
537,,6,2,3,4
620,,7,2,7,3
621,,7,2,1,10
622,,7,2,1,6
623,,7,2,5,4
715,,8,2,4,5
716,,8,2,6,3
717,,8,2,0,10
730,,9,2,8,3
731,,9,2,2,8
732,,9,2,4,0
776,,9,2,6,3
777,,9,2,3,4
778,,9,2,3,9
804,,9,2,4,7
805,,9,2,5,4
806,,9,2,2,5
807,,9,2,5,6
838,,10,2,0,1
839,,10,2,1,4
840,,10,2,4,0
913,,11,2,5,12
914,,11,2,3,4
915,,11,2,2,0
979,,12,2,0,7
980,,12,2,0,2
981,,12,2,2,4
1014,,12,2,11,12
1015,,12,2,0,3
1016,,12,2,5,4
1017,,12,2,7,6
1040,,12,2,3,2
1041,,12,2,6,4
1042,,12,2,8,7
1069,,13,2,5,3
1070,,13,2,3,5
1071,,13,2,2,6
1140,,14,2,4,1
1141,,14,2,6,5
1142,,14,2,1,9
1143,,14,2,3,9
1169,,14,2,2,1
1170,,14,2,2,6
1171,,14,2,5,11
1212,,14,2,2,8
1213,,14,2,11,4
1214,,14,2,9,7
1312,,16,2,4,3
1313,,16,2,3,7
1418,,17,2,3,1
1419,,17,2,1,3
1420,,17,2,3,4
1530,,18,2,4,1
1531,,18,2,1,3
2078,,25,2,4,8
2079,,25,2,4,6
2080,,25,2,10,3
32,,0,23,5,3
33,,0,23,4,3
34,,0,23,5,10
516,,6,23,3,0
517,,6,23,7,1
793,,9,23,3,2
794,,9,23,12,3
885,,10,23,8,0
886,,10,23,7,6
887,,10,23,5,3
1221,,15,23,1,2
1222,,15,23,2,3
1223,,15,23,0,16
1344,,16,23,5,3
1345,,16,23,8,5
1346,,16,23,7,3
1355,,16,23,8,1
1356,,16,23,1,2
1357,,16,23,3,4
1358,,16,23,2,0
1374,,16,23,0,4
1375,,16,23,1,3
1376,,16,23,9,5
1423,,17,23,7,4
1424,,17,23,10,9
1425,,17,23,8,5
1426,,17,23,3,4
1496,,18,23,3,7
1497,,18,23,11,1
1498,,18,23,11,5
1561,,19,23,0,3
1562,,19,23,5,9
1563,,19,23,1,3
1643,,20,23,4,1
1644,,20,23,7,4
1645,,20,23,6,5
1646,,20,23,7,9
1733,,21,23,3,7
1734,,21,23,5,0
1735,,21,23,4,11
1746,,21,23,1,3
1747,,21,23,1,5
1748,,21,23,2,4
1765,,21,23,5,3
1766,,21,23,8,2
1767,,21,23,1,3
1851,,22,23,3,5
1852,,22,23,2,3
1853,,22,23,6,1
1947,,24,23,3,5
1948,,24,23,5,6
1949,,24,23,3,5
1959,,24,23,2,1
1960,,24,23,8,1
1961,,24,23,3,2
2002,,24,23,2,3
2003,,24,23,1,2
2004,,24,23,4,6
2005,,24,23,4,7
2090,,25,23,2,11
2091,,25,23,0,1
2092,,25,23,12,4
2129,,26,23,4,1
2130,,26,23,4,1
2131,,26,23,2,6
2208,,27,23,2,5
2209,,27,23,1,2
2210,,27,23,5,7
2272,,28,23,5,6
2273,,28,23,8,4
2274,,28,23,7,5
2349,,29,23,1,2
2350,,29,23,2,1
2351,,29,23,9,0
2352,,29,23,4,2
2363,,29,23,3,2
2364,,29,23,2,1
2365,,29,23,8,0
2403,,29,23,7,8
2404,,29,23,6,2
2405,,29,23,6,0
35,,0,7,3,6
36,,0,7,4,5
37,,0,7,9,4
94,,1,7,2,4
95,,1,7,3,0
96,,1,7,3,6
233,,2,7,10,2
234,,2,7,2,0
235,,2,7,5,4
249,,3,7,8,2
250,,3,7,0,3
251,,3,7,2,5
294,,3,7,2,6
295,,3,7,1,3
296,,3,7,1,5
307,,3,7,7,6
308,,3,7,9,3
309,,3,7,0,2
340,,4,7,1,3
341,,4,7,2,10
342,,4,7,3,1
399,,4,7,1,3
400,,4,7,3,8
401,,4,7,8,2
402,,4,7,3,2
403,,4,7,1,0
404,,4,7,2,8
445,,5,7,1,4
446,,5,7,0,5
447,,5,7,6,5
472,,5,7,4,3
473,,5,7,6,11
474,,5,7,10,14
481,,5,7,4,10
482,,5,7,4,2
483,,5,7,12,8
522,,6,7,1,0
523,,6,7,2,6
524,,6,7,6,3
525,,6,7,3,5
673,,8,7,10,7
674,,8,7,5,8
675,,8,7,6,1
676,,8,7,0,2
705,,8,7,7,3
706,,8,7,6,5
707,,8,7,1,2
721,,8,7,9,5
722,,8,7,8,7
723,,8,7,8,7
779,,9,7,6,1
780,,9,7,4,7
781,,9,7,8,10
782,,9,7,2,6
841,,10,7,3,6
842,,10,7,8,4
843,,10,7,8,1
897,,11,7,9,4
898,,11,7,7,10
899,,11,7,0,6
1029,,12,7,5,0
1030,,12,7,7,0
1031,,12,7,6,2
1032,,12,7,5,9
1066,,13,7,5,4
1067,,13,7,2,4
1068,,13,7,9,2
1179,,14,7,4,13
1180,,14,7,4,7
1181,,14,7,2,0
1182,,14,7,4,7
1236,,15,7,5,3
1237,,15,7,2,1
1555,,19,7,1,3
1556,,19,7,2,8
1557,,19,7,1,3
2217,,27,7,4,1
2218,,27,7,0,5
2219,,27,7,2,5
2271,,28,7,2,7
2279,,28,7,2,1
38,,0,11,1,4
39,,0,11,3,2
40,,0,11,4,9
59,,0,11,4,6
60,,0,11,1,2
61,,0,11,16,4
71,,0,11,2,7
72,,0,11,4,0
73,,0,11,9,8
74,,0,11,1,4
104,,1,11,2,5
105,,1,11,2,1
106,,1,11,4,8
178,,2,11,0,6
179,,2,11,2,0
180,,2,11,0,1
181,,2,11,4,2
243,,3,11,6,2
244,,3,11,5,3
245,,3,11,3,1
384,,4,11,2,3
385,,4,11,3,0
386,,4,11,2,4
469,,5,11,3,5
470,,5,11,0,5
471,,5,11,3,1
493,,6,11,3,1
494,,6,11,4,0
495,,6,11,13,6
507,,6,11,3,7
508,,6,11,7,8
509,,6,11,1,0
531,,6,11,7,10
532,,6,11,7,6
533,,6,11,12,3
534,,6,11,5,1
646,,7,11,1,0
647,,7,11,2,7
648,,7,11,3,1
649,,8,11,2,1
650,,8,11,2,4
651,,8,11,2,0
652,,8,11,2,4
783,,9,11,4,9
784,,9,11,5,4
785,,9,11,0,4
844,,10,11,11,3
845,,10,11,3,1
846,,10,11,4,5
866,,10,11,4,7
867,,10,11,8,1
868,,10,11,9,4
882,,10,11,1,5
883,,10,11,4,6
884,,10,11,6,5
982,,12,11,0,3
983,,12,11,0,4
984,,12,11,7,1
1079,,13,11,3,5
1080,,13,11,3,2
1081,,13,11,10,3
1096,,13,11,4,3
1097,,13,11,1,11
1098,,13,11,4,10
1099,,13,11,9,5
1107,,13,11,4,3
1108,,13,11,5,3
1109,,13,11,3,1
1150,,14,11,1,3
1151,,14,11,8,1
1152,,14,11,3,2
1708,,21,11,6,0
1709,,21,11,8,7
1710,,21,11,6,3
1877,,23,11,5,13
1878,,23,11,9,0
1879,,23,11,2,3
2143,,26,11,2,3
2144,,26,11,2,8
2394,,29,11,5,4
2395,,29,11,3,4
41,,0,3,4,2
42,,0,3,1,4
43,,0,3,1,10
139,,1,3,7,2
140,,1,3,3,8
141,,1,3,4,3
172,,2,3,6,0
173,,2,3,2,11
174,,2,3,1,6
327,,4,3,4,6
328,,4,3,3,7
329,,4,3,3,9
361,,4,3,9,4
362,,4,3,5,10
363,,4,3,4,5
364,,4,3,6,5
379,,4,3,3,2
380,,4,3,3,4
390,,4,3,1,4
405,,5,3,4,0
406,,5,3,9,2
407,,5,3,1,7
438,,5,3,5,4
439,,5,3,9,2
440,,5,3,3,5
478,,5,3,2,8
479,,5,3,2,8
480,,5,3,1,6
513,,6,3,5,1
514,,6,3,3,1
515,,6,3,1,4
583,,7,3,6,7
584,,7,3,1,5
585,,7,3,11,3
586,,7,3,3,4
587,,7,3,5,1
624,,7,3,4,6
625,,7,3,7,6
626,,7,3,8,6
627,,7,3,6,5
631,,7,3,13,12
655,,8,3,1,4
656,,8,3,20,5
657,,8,3,3,4
694,,8,3,1,3
695,,8,3,6,3
696,,8,3,4,6
697,,8,3,5,4
727,,8,3,3,2
728,,8,3,0,10
729,,8,3,1,2
748,,9,3,5,0
749,,9,3,4,5
750,,9,3,3,4
878,,10,3,11,6
879,,10,3,9,11
880,,10,3,5,10
881,,10,3,3,1
954,,11,3,4,5
955,,11,3,10,4
956,,11,3,1,2
1000,,12,3,2,0
1001,,12,3,6,0
1002,,12,3,12,1
1103,,13,3,3,5
1104,,13,3,7,4
1105,,13,3,1,9
1106,,13,3,3,5
1156,,14,3,1,4
1157,,14,3,11,7
1158,,14,3,7,2
1387,,17,3,7,5
1388,,17,3,2,7
1590,,19,3,4,3
1591,,19,3,1,0
2181,,26,3,5,2
2182,,26,3,3,4
2183,,26,3,8,12
2225,,27,3,6,0
2226,,27,3,4,3
2227,,27,3,1,0
47,,0,20,8,0
48,,0,20,6,12
267,,3,20,9,5
268,,3,20,7,3
269,,3,20,5,0
628,,7,20,4,11
629,,7,20,1,2
630,,7,20,1,4
653,,8,20,5,4
654,,8,20,1,14
1224,,15,20,2,1
1225,,15,20,1,7
1226,,15,20,9,8
1238,,15,20,4,1
1239,,15,20,5,6
1240,,15,20,1,2
1241,,15,20,5,2
1286,,15,20,6,5
1287,,15,20,5,6
1288,,15,20,1,4
1334,,16,20,4,5
1335,,16,20,2,3
1336,,16,20,4,0
1389,,17,20,5,0
1390,,17,20,10,1
1391,,17,20,8,1
1490,,18,20,2,4
1491,,18,20,10,1
1492,,18,20,2,4
1539,,19,20,7,2
1540,,19,20,2,7
1541,,19,20,13,1
1577,,19,20,7,2
1578,,19,20,7,8
1579,,19,20,0,6
1592,,19,20,3,9
1593,,19,20,3,5
1594,,19,20,4,7
1595,,19,20,6,5
1759,,21,20,8,4
1760,,21,20,4,0
1761,,21,20,8,7
1762,,21,20,2,7
1833,,22,20,7,6
1834,,22,20,1,6
1835,,22,20,1,3
1836,,22,20,5,3
1926,,23,20,3,4
1927,,23,20,3,4
1928,,23,20,6,10
1965,,24,20,13,1
1966,,24,20,8,0
1967,,24,20,2,4
2037,,25,20,6,5
2038,,25,20,4,5
2039,,25,20,1,4
2113,,26,20,1,5
2114,,26,20,4,8
2115,,26,20,3,4
2172,,26,20,2,1
2173,,26,20,0,9
2174,,26,20,5,1
2178,,26,20,5,1
2179,,26,20,6,3
2180,,26,20,1,6
2214,,27,20,7,10
2215,,27,20,5,4
2216,,27,20,9,8
2239,,27,20,2,3
2240,,27,20,4,5
2241,,27,20,2,0
2242,,27,20,2,4
2259,,27,20,5,4
2260,,27,20,2,9
2261,,27,20,10,6
2312,,28,20,4,2
2313,,28,20,5,1
2314,,28,20,5,4
2369,,29,20,8,1
2370,,29,20,1,4
2371,,29,20,3,4
56,,0,8,4,0
57,,0,8,0,3
58,,0,8,2,13
90,,1,8,5,1
91,,1,8,9,4
92,,1,8,12,1
93,,1,8,1,5
162,,2,8,2,7
163,,2,8,4,3
164,,2,8,2,1
165,,2,8,6,2
280,,3,8,4,1
281,,3,8,2,5
282,,3,8,7,1
310,,3,8,2,1
311,,3,8,4,0
312,,3,8,0,3
321,,3,8,10,6
322,,3,8,2,5
323,,3,8,5,11
353,,4,8,1,9
354,,4,8,3,4
355,,4,8,5,2
356,,4,8,9,1
357,,4,8,7,8
391,,4,8,3,2
392,,4,8,0,7
393,,4,8,2,6
394,,4,8,9,2
395,,4,8,5,8
430,,5,8,9,12
431,,5,8,0,2
432,,5,8,1,0
433,,5,8,0,9
434,,5,8,9,3
452,,5,8,14,11
453,,5,8,5,3
484,,5,8,0,2
485,,5,8,5,2
486,,5,8,1,7
544,,6,8,5,2
545,,6,8,8,1
546,,6,8,10,5
575,,7,8,7,8
576,,7,8,2,4
577,,7,8,8,6
588,,7,8,4,7
589,,7,8,4,5
590,,7,8,1,2
643,,7,8,10,5
644,,7,8,1,2
645,,7,8,9,3
795,,9,8,3,5
796,,9,8,4,5
797,,9,8,7,8
798,,9,8,4,5
828,,10,8,0,7
829,,10,8,4,10
830,,10,8,4,2
916,,11,8,4,0
917,,11,8,9,11
918,,11,8,4,2
985,,12,8,0,6
986,,12,8,3,6
987,,12,8,8,3
1090,,13,8,6,3
1091,,13,8,4,2
1092,,13,8,4,6
1159,,14,8,3,7
1160,,14,8,6,7
1161,,14,8,7,4
1248,,15,8,2,5
1249,,15,8,6,3
1250,,15,8,0,2
1673,,20,8,7,3
1674,,20,8,5,3
1826,,22,8,4,2
1827,,22,8,0,3
2152,,26,8,4,3
2153,,26,8,0,5
2154,,26,8,6,5
62,,0,9,5,10
63,,0,9,0,2
64,,0,9,1,2
84,,1,9,0,7
85,,1,9,4,6
86,,1,9,2,4
97,,1,9,10,5
98,,1,9,6,5
99,,1,9,3,1
100,,1,9,7,1
123,,1,9,2,4
124,,1,9,3,1
125,,1,9,0,4
201,,2,9,2,1
202,,2,9,4,1
203,,2,9,1,8
204,,2,9,4,1
218,,2,9,5,4
219,,2,9,0,2
220,,2,9,13,7
231,,2,9,8,7
232,,2,9,6,4
258,,3,9,6,5
259,,3,9,3,1
260,,3,9,3,6
261,,3,9,5,8
358,,4,9,18,4
359,,4,9,2,9
360,,4,9,1,2
411,,5,9,3,2
412,,5,9,4,3
413,,5,9,5,4
518,,6,9,9,0
529,,6,9,6,2
530,,6,9,7,0
578,,7,9,7,3
579,,7,9,6,1
580,,7,9,0,3
677,,8,9,2,3
678,,8,9,1,4
679,,8,9,3,2
872,,10,9,4,0
873,,10,9,2,1
874,,10,9,2,6
875,,10,9,3,2
945,,11,9,5,4
946,,11,9,1,10
947,,11,9,3,4
996,,12,9,4,0
997,,12,9,0,4
998,,12,9,10,9
999,,12,9,2,1
1006,,12,9,8,7
1007,,12,9,2,4
1008,,12,9,10,12
1037,,12,9,4,2
1038,,12,9,7,6
1039,,12,9,5,10
1130,,13,9,9,3
1131,,13,9,3,5
1132,,13,9,5,6
1133,,13,9,15,7
1147,,14,9,2,19
1148,,14,9,0,1
1149,,14,9,3,6
1166,,14,9,4,3
1167,,14,9,9,1
1168,,14,9,4,3
1209,,14,9,2,6
1210,,14,9,10,9
1211,,14,9,4,8
1848,,22,9,7,5
1849,,22,9,2,14
1850,,22,9,0,7
1909,,23,9,4,1
1910,,23,9,4,0
2066,,25,9,3,5
2067,,25,9,4,6
2320,,28,9,3,1
2321,,28,9,2,1
2322,,28,9,2,1
68,,0,5,4,5
69,,0,5,3,2
70,,0,5,3,5
152,,1,5,1,3
153,,1,5,1,5
154,,1,5,5,2
195,,2,5,2,4
196,,2,5,4,2
197,,2,5,1,6
283,,3,5,10,5
284,,3,5,2,1
285,,3,5,2,3
286,,3,5,1,0
297,,3,5,2,12
298,,3,5,8,9
299,,3,5,6,1
318,,3,5,6,3
319,,3,5,3,7
320,,3,5,0,2
338,,4,5,1,6
339,,4,5,2,3
365,,4,5,3,2
366,,4,5,2,7
367,,4,5,7,2
375,,4,5,1,7
376,,4,5,5,3
377,,4,5,0,8
378,,4,5,6,5
496,,6,5,3,2
497,,6,5,3,0
498,,6,5,2,3
499,,6,5,4,3
572,,7,5,7,0
573,,7,5,1,4
574,,7,5,3,5
610,,7,5,6,7
611,,7,5,1,3
612,,7,5,0,5
613,,7,5,2,3
640,,7,5,4,0
641,,7,5,8,4
642,,7,5,4,3
658,,8,5,7,3
659,,8,5,3,6
660,,8,5,7,16
670,,8,5,4,2
671,,8,5,3,4
672,,8,5,8,12
698,,8,5,4,2
699,,8,5,0,8
700,,8,5,6,5
757,,9,5,5,4
758,,9,5,6,7
759,,9,5,3,2
853,,10,5,7,5
854,,10,5,7,10
968,,11,5,1,11
969,,11,5,6,3
970,,11,5,3,7
971,,11,5,5,4
991,,12,5,9,3
992,,12,5,2,1
993,,12,5,6,4
1114,,13,5,2,1
1115,,13,5,2,0
1116,,13,5,3,5
1185,,14,5,2,1
1186,,14,5,3,7
1187,,14,5,8,3
1188,,14,5,6,3
1251,,15,5,5,4
1252,,15,5,5,12
1253,,15,5,5,7
1627,,20,5,4,6
1628,,20,5,6,3
1629,,20,5,2,8
2053,,25,5,2,14
2054,,25,5,4,2
2223,,27,5,1,6
2224,,27,5,3,4
81,,1,22,2,4
82,,1,22,6,4
83,,1,22,7,9
212,,2,22,2,5
213,,2,22,4,5
214,,2,22,13,0
692,,8,22,6,0
693,,8,22,3,1
1012,,12,22,7,1
1013,,12,22,3,2
1282,,15,22,11,6
1283,,15,22,4,2
1284,,15,22,5,1
1285,,15,22,1,6
1309,,16,22,3,4
1310,,16,22,3,2
1311,,16,22,7,14
1377,,17,22,7,3
1378,,17,22,3,4
1379,,17,22,0,11
1399,,17,22,5,28
1400,,17,22,2,8
1401,,17,22,3,7
1402,,17,22,5,4
1435,,17,22,7,0
1436,,17,22,3,2
1437,,17,22,11,2
1469,,18,22,4,6
1470,,18,22,6,7
1471,,18,22,4,3
1487,,18,22,2,6
1488,,18,22,4,5
1489,,18,22,4,6
1532,,18,22,4,1
1533,,18,22,2,8
1534,,18,22,3,7
1535,,18,22,1,2
1607,,19,22,4,1
1608,,19,22,9,1
1609,,19,22,5,4
1678,,20,22,5,3
1679,,20,22,3,1
1680,,20,22,5,10
1714,,21,22,5,3
1715,,21,22,6,3
1716,,21,22,4,0
1890,,23,22,5,10
1891,,23,22,1,3
1892,,23,22,3,4
1950,,24,22,5,7
1951,,24,22,5,0
1952,,24,22,3,0
2031,,25,22,8,4
2032,,25,22,7,3
2033,,25,22,4,3
2062,,25,22,4,3
2063,,25,22,2,10
2064,,25,22,6,7
2065,,25,22,2,4
2075,,25,22,4,8
2076,,25,22,4,17
2077,,25,22,1,6
2123,,26,22,2,4
2124,,26,22,7,2
2125,,26,22,5,3
2231,,27,22,14,2
2232,,27,22,2,1
2233,,27,22,2,5
2234,,27,22,7,2
2288,,28,22,3,10
2289,,28,22,2,0
2290,,28,22,4,13
2291,,28,22,1,7
2323,,28,22,2,5
2324,,28,22,8,4
2325,,28,22,3,1
2339,,28,22,10,1
2340,,28,22,1,0
2376,,29,22,8,3
2377,,29,22,7,5
2378,,29,22,5,2
110,,1,17,11,1
135,,1,17,5,0
265,,3,17,10,5
266,,3,17,1,2
760,,9,17,6,1
761,,9,17,2,1
762,,9,17,1,3
1198,,14,17,5,3
1199,,14,17,7,6
1200,,14,17,5,1
1233,,15,17,5,1
1234,,15,17,5,3
1235,,15,17,10,0
1306,,16,17,0,7
1307,,16,17,5,7
1308,,16,17,3,6
1472,,18,17,0,4
1473,,18,17,4,2
1474,,18,17,4,2
1475,,18,17,1,6
1514,,18,17,6,4
1515,,18,17,5,3
1516,,18,17,1,0
1536,,18,17,6,5
1537,,18,17,2,3
1538,,18,17,5,3
1542,,19,17,1,2
1543,,19,17,5,3
1544,,19,17,13,5
1545,,19,17,3,2
1659,,20,17,4,3
1660,,20,17,13,7
1661,,20,17,4,8
1662,,20,17,2,3
1773,,21,17,7,1
1774,,21,17,10,3
1775,,21,17,1,5
1790,,22,17,7,16
1791,,22,17,5,4
1792,,22,17,6,5
1816,,22,17,0,7
1817,,22,17,4,2
1818,,22,17,5,3
1837,,22,17,3,9
1838,,22,17,1,3
1839,,22,17,4,2
1932,,23,17,3,9
1933,,23,17,10,5
1934,,23,17,2,4
1989,,24,17,7,1
1990,,24,17,4,8
1991,,24,17,10,0
2025,,25,17,3,4
2026,,25,17,1,4
2058,,25,17,5,3
2059,,25,17,8,2
2060,,25,17,5,4
2061,,25,17,3,2
2096,,25,17,10,3
2097,,25,17,8,7
2098,,25,17,4,1
2099,,25,17,0,6
2120,,26,17,6,3
2121,,26,17,0,2
2122,,26,17,8,7
2235,,27,17,1,5
2236,,27,17,0,3
2237,,27,17,3,2
2238,,27,17,1,0
2302,,28,17,5,2
2303,,28,17,2,8
2304,,28,17,4,3
2317,,28,17,6,3
2318,,28,17,3,2
2319,,28,17,4,1
2332,,28,17,5,3
2333,,28,17,2,1
2334,,28,17,10,3
2409,,29,17,2,1
2410,,29,17,7,6
2411,,29,17,9,6
119,,1,0,2,5
120,,1,0,2,5
121,,1,0,4,0
122,,1,0,3,2
169,,2,0,0,2
170,,2,0,4,2
171,,2,0,2,5
252,,3,0,4,1
253,,3,0,0,6
254,,3,0,5,4
255,,3,0,12,8
387,,4,0,3,2
388,,4,0,2,1
389,,4,0,7,8
464,,5,0,7,9
465,,5,0,0,4
466,,5,0,2,3
487,,6,0,2,4
488,,6,0,6,5
489,,6,0,10,4
519,,6,0,6,7
520,,6,0,5,4
521,,6,0,8,2
553,,6,0,11,4
554,,6,0,3,0
555,,6,0,2,3
617,,7,0,2,1
618,,7,0,3,2
619,,7,0,3,13
724,,8,0,3,5
725,,8,0,10,0
726,,8,0,4,7
754,,9,0,6,13
755,,9,0,2,0
756,,9,0,3,0
824,,10,0,4,0
825,,10,0,6,3
826,,10,0,3,6
827,,10,0,4,1
863,,10,0,8,3
864,,10,0,3,2
865,,10,0,1,10
888,,10,0,1,13
889,,10,0,2,4
890,,10,0,2,0
919,,11,0,3,1
920,,11,0,9,1
921,,11,0,4,10
922,,11,0,6,1
923,,11,0,1,5
941,,11,0,2,9
942,,11,0,7,6
943,,11,0,4,6
944,,11,0,2,4
1033,,12,0,5,3
1034,,12,0,10,11
1035,,12,0,0,9
1036,,12,0,4,5
1055,,13,0,3,4
1056,,13,0,1,4
1057,,13,0,3,6
1058,,13,0,3,1
1072,,13,0,2,4
1073,,13,0,7,9
1074,,13,0,6,0
1124,,13,0,3,4
1125,,13,0,7,8
1126,,13,0,4,1
1195,,14,0,4,0
1196,,14,0,3,6
1197,,14,0,4,1
1347,,16,0,4,8
1348,,16,0,1,9
1349,,16,0,6,5
1647,,20,0,2,5
1648,,20,0,7,5
1736,,21,0,4,3
1737,,21,0,5,4
1971,,24,0,1,6
1972,,24,0,5,4
1973,,24,0,9,0
130,,1,25,11,3
131,,1,25,6,5
132,,1,25,5,0
417,,5,25,4,3
418,,5,25,5,0
802,,9,25,3,0
803,,9,25,2,3
1009,,12,25,2,8
1010,,12,25,9,8
1011,,12,25,2,6
1272,,15,25,9,7
1273,,15,25,2,3
1274,,15,25,4,3
1275,,15,25,10,5
1326,,16,25,4,1
1327,,16,25,5,2
1328,,16,25,8,2
1329,,16,25,0,8
1383,,17,25,4,2
1384,,17,25,9,6
1385,,17,25,0,8
1386,,17,25,3,2
1392,,17,25,9,5
1393,,17,25,5,1
1394,,17,25,6,5
1427,,17,25,5,6
1428,,17,25,0,6
1466,,18,25,10,4
1467,,18,25,3,2
1468,,18,25,7,2
1499,,18,25,1,4
1500,,18,25,2,4
1526,,18,25,4,1
1527,,18,25,3,2
1528,,18,25,6,8
1529,,18,25,3,5
1587,,19,25,5,1
1588,,19,25,6,9
1589,,19,25,7,2
1640,,20,25,10,3
1641,,20,25,5,3
1642,,20,25,6,2
1738,,21,25,3,5
1739,,21,25,2,1
1740,,21,25,5,4
1741,,21,25,5,7
1786,,22,25,2,1
1787,,22,25,0,4
1788,,22,25,2,10
1819,,22,25,3,2
1820,,22,25,0,1
1821,,22,25,0,4
1840,,22,25,3,7
1841,,22,25,4,2
1842,,22,25,3,5
1935,,23,25,5,3
1936,,23,25,2,18
1937,,23,25,3,2
1938,,23,25,3,5
2010,,24,25,4,8
2011,,24,25,1,0
2012,,24,25,5,6
2126,,26,25,4,10
2127,,26,25,1,6
2128,,26,25,3,6
2243,,27,25,4,1
2244,,27,25,5,4
2245,,27,25,5,9
2268,,28,25,3,6
2269,,28,25,6,0
2270,,28,25,10,11
2298,,28,25,2,6
2299,,28,25,4,6
2300,,28,25,4,1
2301,,28,25,4,3
2346,,28,25,6,3
2347,,28,25,0,7
2348,,28,25,3,7
2387,,29,25,3,2
2388,,29,25,7,4
2389,,29,25,1,5
187,,2,18,6,3
188,,2,18,3,0
336,,4,18,3,0
337,,4,18,3,0
773,,9,18,3,10
774,,9,18,13,0
775,,9,18,2,7
1153,,14,18,1,3
1154,,14,18,9,2
1155,,14,18,3,1
1245,,15,18,2,1
1246,,15,18,4,3
1247,,15,18,4,3
1296,,16,18,10,5
1297,,16,18,10,8
1298,,16,18,4,1
1299,,16,18,2,4
1415,,17,18,5,4
1416,,17,18,4,8
1417,,17,18,6,3
1443,,17,18,12,4
1444,,17,18,7,0
1445,,17,18,7,5
1455,,17,18,5,3
1456,,17,18,3,8
1457,,17,18,4,6
1549,,19,18,3,1
1550,,19,18,9,2
1551,,19,18,3,6
1620,,20,18,13,1
1621,,20,18,12,9
1622,,20,18,1,8
1623,,20,18,1,0
1749,,21,18,7,9
1750,,21,18,1,0
1751,,21,18,3,10
1793,,22,18,4,3
1794,,22,18,7,0
1795,,22,18,2,8
1828,,22,18,2,1
1829,,22,18,2,0
1830,,22,18,3,13
1845,,22,18,7,1
1846,,22,18,4,16
1847,,22,18,12,6
1916,,23,18,7,5
1917,,23,18,5,6
1918,,23,18,4,3
2006,,24,18,0,5
2007,,24,18,0,6
2008,,24,18,10,0
2009,,24,18,3,7
2040,,25,18,4,3
2041,,25,18,2,1
2042,,25,18,5,4
2043,,25,18,7,1
2081,,25,18,2,10
2082,,25,18,3,1
2083,,25,18,7,11
2100,,25,18,3,6
2101,,25,18,2,3
2102,,25,18,10,6
2110,,26,18,0,1
2111,,26,18,1,2
2112,,26,18,1,4
2220,,27,18,2,3
2221,,27,18,5,1
2222,,27,18,1,6
2295,,28,18,8,14
2296,,28,18,3,2
2297,,28,18,2,1
2315,,28,18,4,3
2316,,28,18,0,1
2341,,28,18,1,3
2342,,28,18,10,4
2343,,28,18,2,1
2344,,28,18,1,5
2345,,28,18,4,1
2412,,29,18,4,5
2413,,29,18,3,2
2414,,29,18,2,15
192,,2,28,5,6
193,,2,28,3,0
194,,2,28,2,4
581,,7,28,4,6
582,,7,28,2,1
1003,,12,28,4,1
1004,,12,28,2,6
1005,,12,28,5,2
1183,,14,28,4,2
1184,,14,28,1,3
1276,,15,28,11,9
1277,,15,28,6,8
1278,,15,28,0,2
1337,,16,28,2,12
1338,,16,28,6,7
1339,,16,28,5,4
1340,,16,28,5,6
1403,,17,28,2,5
1404,,17,28,7,2
1405,,17,28,7,2
1406,,17,28,3,6
1407,,17,28,4,2
1438,,17,28,1,4
1439,,17,28,0,2
1440,,17,28,6,4
1441,,17,28,5,1
1442,,17,28,3,1
1460,,18,28,5,4
1461,,18,28,10,3
1462,,18,28,5,3
1504,,18,28,0,4
1505,,18,28,1,2
1506,,18,28,4,7
1520,,18,28,2,8
1521,,18,28,3,2
1522,,18,28,4,0
1596,,19,28,3,4
1597,,19,28,1,2
1598,,19,28,2,3
1692,,20,28,2,6
1693,,20,28,1,0
1694,,20,28,2,0
1705,,21,28,8,5
1706,,21,28,4,7
1707,,21,28,1,3
1782,,22,28,3,6
1783,,22,28,15,10
1784,,22,28,5,2
1785,,22,28,0,1
1809,,22,28,8,9
1810,,22,28,10,3
1811,,22,28,9,10
1812,,22,28,5,9
1854,,22,28,5,3
1855,,22,28,5,3
1880,,23,28,3,2
1881,,23,28,7,6
1882,,23,28,0,12
1883,,23,28,2,1
1983,,24,28,5,3
1984,,24,28,13,0
1985,,24,28,0,4
2044,,25,28,3,7
2045,,25,28,6,9
2046,,25,28,1,0
2093,,25,28,4,0
2094,,25,28,1,4
2095,,25,28,10,4
2103,,25,28,2,5
2104,,25,28,3,2
2105,,25,28,5,4
2175,,26,28,7,6
2176,,26,28,3,4
2177,,26,28,5,8
2198,,27,28,10,3
2199,,27,28,2,7
2200,,27,28,1,9
2201,,27,28,0,11
2400,,29,28,3,0
2401,,29,28,4,2
2402,,29,28,8,0
215,,2,16,2,3
216,,2,16,2,3
876,,10,16,5,4
877,,10,16,8,6
957,,11,16,10,4
958,,11,16,0,2
959,,11,16,3,5
1063,,13,16,3,6
1064,,13,16,5,3
1065,,13,16,3,5
1242,,15,16,8,3
1243,,15,16,5,6
1244,,15,16,12,2
1412,,17,16,6,3
1413,,17,16,1,4
1414,,17,16,4,7
1493,,18,16,2,6
1494,,18,16,2,7
1495,,18,16,1,4
1567,,19,16,4,1
1568,,19,16,3,7
1569,,19,16,3,2
1570,,19,16,3,6
1624,,20,16,0,7
1625,,20,16,13,5
1626,,20,16,2,3
1720,,21,16,13,1
1721,,21,16,3,4
1722,,21,16,3,0
1752,,21,16,1,2
1753,,21,16,3,8
1754,,21,16,2,3
1755,,21,16,5,1
1779,,21,16,2,1
1780,,21,16,2,7
1781,,21,16,5,4
1796,,22,16,4,1
1797,,22,16,1,10
1798,,22,16,2,1
1873,,23,16,3,7
1874,,23,16,9,8
1875,,23,16,2,7
1876,,23,16,0,2
1911,,23,16,8,9
1912,,23,16,3,8
1913,,23,16,13,7
1914,,23,16,4,13
1915,,23,16,2,3
1980,,24,16,8,4
1981,,24,16,2,1
1982,,24,16,8,1
1992,,24,16,9,4
1993,,24,16,1,7
1994,,24,16,3,4
2021,,24,16,6,5
2022,,24,16,4,1
2023,,24,16,5,4
2024,,24,16,9,6
2084,,25,16,2,4
2085,,25,16,6,12
2086,,25,16,3,9
2106,,26,16,0,7
2107,,26,16,3,2
2108,,26,16,0,4
2109,,26,16,1,6
2256,,27,16,3,5
2257,,27,16,5,1
2258,,27,16,2,4
2329,,28,16,2,5
2330,,28,16,6,4
2331,,28,16,4,2
2379,,29,16,3,1
2380,,29,16,1,3
2381,,29,16,3,10
2396,,29,16,1,3
2397,,29,16,3,2
2398,,29,16,2,5
2399,,29,16,1,2
2423,,29,16,6,3
2424,,29,16,1,10
2425,,29,16,9,2
304,,3,15,3,1
305,,3,15,9,1
306,,3,15,1,4
368,,4,15,0,10
369,,4,15,0,3
370,,4,15,2,1
560,,6,15,6,5
561,,6,15,1,5
632,,7,15,1,8
633,,7,15,4,9
1350,,16,15,1,5
1351,,16,15,2,6
1352,,16,15,4,5
1395,,17,15,1,4
1396,,17,15,2,15
1397,,17,15,1,8
1398,,17,15,6,7
1483,,18,15,4,2
1484,,18,15,1,0
1485,,18,15,5,3
1486,,18,15,5,2
1580,,19,15,2,6
1581,,19,15,7,3
1582,,19,15,3,9
1599,,19,15,4,0
1600,,19,15,8,3
1601,,19,15,5,7
1610,,19,15,7,3
1611,,19,15,3,7
1612,,19,15,2,1
1636,,20,15,4,9
1637,,20,15,6,4
1638,,20,15,5,6
1639,,20,15,16,5
1687,,20,15,2,6
1688,,20,15,0,8
1689,,20,15,2,7
1690,,20,15,0,6
1691,,20,15,2,5
1711,,21,15,0,6
1712,,21,15,4,2
1713,,21,15,3,0
1860,,22,15,3,1
1861,,22,15,4,0
1862,,22,15,4,3
1863,,23,15,5,6
1864,,23,15,6,3
1865,,23,15,4,13
1974,,24,15,6,8
1975,,24,15,2,1
1976,,24,15,12,1
2050,,25,15,5,6
2051,,25,15,6,11
2052,,25,15,3,4
2136,,26,15,4,0
2137,,26,15,6,1
2138,,26,15,7,8
2149,,26,15,7,2
2150,,26,15,2,1
2151,,26,15,7,6
2169,,26,15,5,1
2170,,26,15,1,0
2171,,26,15,5,3
2228,,27,15,8,1
2229,,27,15,2,8
2230,,27,15,5,2
2246,,27,15,10,5
2247,,27,15,5,3
2248,,27,15,5,6
2249,,27,15,3,5
2265,,27,15,3,9
2266,,27,15,6,2
2267,,27,15,4,1
2275,,28,15,10,4
2276,,28,15,1,3
2277,,28,15,2,4
2278,,28,15,2,3
2353,,29,15,2,1
2354,,29,15,6,4
2355,,29,15,3,4
2356,,29,15,5,2
313,,3,19,1,3
314,,3,19,1,9
414,,5,19,4,6
415,,5,19,4,2
416,,5,19,2,3
686,,8,19,5,3
687,,8,19,2,4
688,,8,19,1,5
1053,,13,19,2,4
1054,,13,19,0,3
1227,,15,19,8,2
1228,,15,19,4,7
1229,,15,19,1,2
1259,,15,19,4,3
1260,,15,19,5,4
1261,,15,19,4,2
1262,,15,19,3,4
1269,,15,19,1,13
1270,,15,19,3,2
1271,,15,19,2,1
1362,,16,19,11,3
1363,,16,19,3,6
1364,,16,19,1,7
1449,,17,19,1,2
1450,,17,19,1,2
1451,,17,19,3,8
1523,,18,19,0,5
1524,,18,19,2,5
1525,,18,19,7,2
1656,,20,19,8,5
1657,,20,19,4,3
1658,,20,19,10,2
1695,,20,19,2,3
1696,,20,19,4,3
1697,,20,19,5,3
1698,,20,19,2,3
1699,,20,19,6,4
1700,,20,19,8,0
1730,,21,19,4,2
1731,,21,19,0,4
1732,,21,19,2,1
1822,,22,19,4,1
1823,,22,19,1,2
1824,,22,19,6,4
1825,,22,19,1,2
1922,,23,19,2,3
1923,,23,19,5,1
1924,,23,19,2,7
1925,,23,19,2,4
1953,,24,19,5,3
1954,,24,19,7,5
1955,,24,19,9,8
1956,,24,19,7,1
2047,,25,19,3,4
2048,,25,19,2,1
2049,,25,19,4,2
2132,,26,19,3,5
2133,,26,19,0,3
2134,,26,19,5,3
2135,,26,19,1,2
2155,,26,19,5,4
2156,,26,19,8,7
2157,,26,19,2,1
2158,,26,19,4,3
2159,,26,19,3,2
2202,,27,19,11,4
2203,,27,19,0,4
2204,,27,19,3,2
2211,,27,19,11,18
2212,,27,19,5,0
2213,,27,19,2,3
2262,,27,19,3,6
2263,,27,19,5,2
2264,,27,19,2,10
2326,,28,19,3,8
2327,,28,19,2,0
2328,,28,19,2,4
2372,,29,19,1,2
2373,,29,19,4,3
2374,,29,19,5,7
2375,,29,19,1,8
324,,4,27,7,5
325,,4,27,9,5
326,,4,27,5,6
467,,5,27,1,4
468,,5,27,7,15
712,,8,27,7,1
713,,8,27,5,6
714,,8,27,13,5
861,,10,27,11,5
862,,10,27,3,7
1256,,15,27,5,2
1257,,15,27,6,5
1258,,15,27,9,2
1266,,15,27,1,0
1267,,15,27,6,5
1268,,15,27,8,0
1293,,15,27,8,4
1294,,15,27,3,1
1295,,15,27,7,3
1330,,16,27,8,5
1331,,16,27,3,2
1332,,16,27,2,3
1333,,16,27,0,4
1446,,17,27,4,3
1447,,17,27,7,3
1448,,17,27,4,2
1476,,18,27,6,7
1477,,18,27,0,13
1478,,18,27,7,8
1558,,19,27,3,0
1559,,19,27,8,7
1560,,19,27,9,1
1602,,19,27,8,5
1603,,19,27,6,2
1604,,19,27,11,5
1613,,19,27,1,7
1614,,19,27,8,0
1615,,19,27,6,4
1616,,19,27,0,3
1630,,20,27,3,0
1631,,20,27,6,3
1663,,20,27,4,8
1664,,20,27,8,3
1665,,20,27,4,5
1666,,20,27,4,3
1684,,20,27,7,5
1685,,20,27,3,8
1686,,20,27,3,10
1723,,21,27,0,4
1724,,21,27,6,1
1725,,21,27,5,4
1726,,21,27,2,6
1789,,22,27,2,3
1843,,22,27,4,2
1844,,22,27,11,1
1866,,23,27,3,1
1867,,23,27,8,3
1868,,23,27,6,10
1869,,23,27,3,4
1968,,24,27,5,2
1969,,24,27,9,1
1970,,24,27,4,3
2055,,25,27,13,10
2056,,25,27,6,3
2057,,25,27,2,8
2145,,26,27,5,2
2146,,26,27,3,2
2147,,26,27,0,11
2148,,26,27,3,12
2160,,26,27,5,0
2161,,26,27,3,4
2162,,26,27,6,3
2184,,26,27,7,3
2185,,26,27,3,4
2186,,26,27,0,3
2283,,28,27,7,8
2284,,28,27,3,8
2285,,28,27,3,6
2357,,29,27,4,8
2358,,29,27,13,3
2359,,29,27,13,4
330,,4,26,7,3
331,,4,26,3,2
454,,5,26,5,7
455,,5,26,7,1
456,,5,26,10,1
634,,7,26,5,3
635,,7,26,3,16
636,,7,26,7,3
960,,11,26,7,8
961,,11,26,1,0
1215,,15,26,5,3
1216,,15,26,5,7
1217,,15,26,3,0
1218,,15,26,3,8
1254,,15,26,4,3
1255,,15,26,3,8
1289,,15,26,5,6
1290,,15,26,1,5
1291,,15,26,3,4
1292,,15,26,6,1
1314,,16,26,1,7
1315,,16,26,10,6
1316,,16,26,5,4
1408,,17,26,9,4
1409,,17,26,1,2
1410,,17,26,2,6
1411,,17,26,1,0
1463,,18,26,5,3
1464,,18,26,6,5
1465,,18,26,7,1
1574,,19,26,3,7
1575,,19,26,3,5
1576,,19,26,4,3
1583,,19,26,3,2
1584,,19,26,6,5
1585,,19,26,2,1
1586,,19,26,8,1
1617,,19,26,4,0
1618,,19,26,2,4
1619,,19,26,5,2
1652,,20,26,1,0
1653,,20,26,4,6
1654,,20,26,4,2
1655,,20,26,5,9
1670,,20,26,0,3
1671,,20,26,4,3
1672,,20,26,3,4
1681,,20,26,0,4
1682,,20,26,3,2
1683,,20,26,2,0
1756,,21,26,2,3
1757,,21,26,7,11
1758,,21,26,2,3
1802,,22,26,3,4
1803,,22,26,2,5
1804,,22,26,4,3
1805,,22,26,5,2
1906,,23,26,3,1
1907,,23,26,15,7
1908,,23,26,8,3
1962,,24,26,1,7
1963,,24,26,7,3
1964,,24,26,0,4
2034,,25,26,1,5
2035,,25,26,0,10
2036,,25,26,6,3
2190,,27,26,0,3
2191,,27,26,5,11
2192,,27,26,11,2
2205,,27,26,3,5
2206,,27,26,3,6
2207,,27,26,6,5
2250,,27,26,4,3
2251,,27,26,0,11
2252,,27,26,5,2
2292,,28,26,4,10
2293,,28,26,8,3
2294,,28,26,0,8
2406,,29,26,8,3
2407,,29,26,5,3
2408,,29,26,10,0
565,,6,24,9,6
566,,6,24,12,6
567,,6,24,2,4
904,,11,24,3,2
905,,11,24,6,2
906,,11,24,7,5
1085,,13,24,2,1
1086,,13,24,4,3
1177,,14,24,4,0
1178,,14,24,0,2
1279,,15,24,0,12
1280,,15,24,4,3
1281,,15,24,9,5
1317,,16,24,4,3
1318,,16,24,6,7
1319,,16,24,4,6
1320,,16,24,1,2
1353,,16,24,5,4
1354,,16,24,3,8
1368,,16,24,14,1
1369,,16,24,4,6
1370,,16,24,2,3
1452,,17,24,7,6
1453,,17,24,6,3
1454,,17,24,3,6
1517,,18,24,3,2
1518,,18,24,3,7
1519,,18,24,3,9
1546,,19,24,5,9
1547,,19,24,6,0
1548,,19,24,5,1
1632,,20,24,5,1
1633,,20,24,0,1
1634,,20,24,7,4
1635,,20,24,0,1
1701,,21,24,3,13
1702,,21,24,8,2
1703,,21,24,7,4
1704,,21,24,2,1
1742,,21,24,2,8
1743,,21,24,4,3
1744,,21,24,3,4
1770,,21,24,2,3
1771,,21,24,5,21
1772,,21,24,2,9
1806,,22,24,4,6
1807,,22,24,4,5
1808,,22,24,2,5
1870,,23,24,7,6
1871,,23,24,7,4
1872,,23,24,4,11
1884,,23,24,7,0
1885,,23,24,3,0
1886,,23,24,6,0
1919,,23,24,4,2
1920,,23,24,5,4
1921,,23,24,12,3
2071,,25,24,3,11
2072,,25,24,5,1
2073,,25,24,8,5
2074,,25,24,5,7
2139,,26,24,5,1
2140,,26,24,4,0
2141,,26,24,5,3
2142,,26,24,7,1
2253,,27,24,9,1
2254,,27,24,5,6
2255,,27,24,6,0
2308,,28,24,10,2
2309,,28,24,4,0
2310,,28,24,0,5
2311,,28,24,2,5
2382,,29,24,6,3
2383,,29,24,3,1
2384,,29,24,1,2
2385,,29,24,4,0
2386,,29,24,6,5
2426,,29,24,3,2
2427,,29,24,3,2
2428,,29,24,5,4
2429,,29,24,4,2